{"tick": 142, "herbivore_epsilon": 0.99975002499875, "carnivore_epsilon": 0.9998000149995}